{"info":{"_postman_id":"e8ffa196-7c39-4457-ab28-d97a37d67957","name":"Reportes Get","schema":"https://schema.getpostman.com/json/collection/v2.1.0/collection.json"},"item":[{"name":"Reporte rango","id":"07a559d3-5577-4590-a973-94a3cbef16c3","protocolProfileBehavior":{"disableBodyPruning":true},"request":{"method":"GET","header":[],"url":{"raw":"{{base_url}}/Reportes?fechaInicio=2023-10-04&fechaFin=2023-10-10&cuentaId=1","host":["{{base_url}}"],"path":["Reportes"],"query":[{"key":"fechaInicio","value":"2023-10-04"},{"key":"fechaFin","value":"2023-10-10"},{"key":"cuentaId","value":"1"}]}},"response":[]}],"event":[{"listen":"prerequest","script":{"id":"9b875dc0-dd29-4581-9a92-7891402030c5","type":"text/javascript","exec":[""]}},{"listen":"test","script":{"id":"16b1786e-2fdf-460e-b682-0b29c3bcbf72","type":"text/javascript","exec":[""]}}],"variable":[{"id":"fb4570cc-b395-4a07-8b24-659ab5c88ebe","key":"base_url","value":"http://localhost:81"}]}